id,name,country,created_at
1,Petr Lewandowska,PL,2023-05-30
2,Katarzyna Lewandowska,PL,2023-06-05
3,Katarzyna Berg,PL,2023-09-02
4,Marek Jansen,PL,2023-02-18
5,Ines Nowak,ES,2023-08-16
6,Marie Berg,ES,2022-03-25
7,Petr Dubois,DE,2023-08-02
8,Nina Dubois,PL,2022-07-29
9,Luc Kaminski,PT,2022-09-29
10,Pawel Novak,DE,2023-10-23
11,Katarzyna Kowalski,FR,2024-02-09
12,Joao Wojcik,PL,2023-09-29
13,Agnieszka Silva,DE,2023-07-05
14,Sofie Wisniewska,PL,2022-05-16
15,Pawel Lewandowska,FR,2023-01-14
16,Eva Schmidt,ES,2024-05-03
17,Sven Silva,PL,2024-04-06
18,Eva Schmidt,PT,2023-11-15
19,Ewa Muller,PL,2022-04-17
20,Eva Kaminski,DE,2022-04-20
21,Ines Zielinski,NL,2022-10-16
22,Agnieszka Berg,PT,2022-12-18
23,Marta Silva,FR,2024-05-23
24,Piotr Wisniewska,PT,2022-09-15
25,Marta Nowak,PL,2023-03-10
26,Ewa Larsen,DE,2022-12-08
27,Carlos Santos,NL,2022-06-15
28,Eva Kowalski,PL,2023-03-14
29,Ewa Santos,PL,2022-03-19
30,Sofie Jansen,FR,2024-05-04
31,Marie Kaminski,PL,2022-06-01
32,Sofie Nowak,DE,2022-11-12
33,Nina Mazur,PT,2022-08-04
34,Sofie Santos,CZ,2022-04-16
35,Ewa Mazur,PL,2023-09-28
36,Tomasz Fernandez,PL,2024-03-30
37,Hans Fernandez,SK,2022-07-03
38,Jan Muller,PL,2023-11-17
39,Marek Garcia,PL,2024-03-17
40,Lucia Mazur,PL,2024-05-29
41,Carlos Moreau,DE,2024-04-16
42,Jan Mazur,PL,2024-04-20
43,Agnieszka Garcia,DE,2023-11-07
44,Katarzyna Muller,DE,2022-10-13
45,Petr Garcia,PT,2023-10-19
46,Eva Dubois,PL,2024-05-13
47,Marta Lewandowska,ES,2022-04-29
48,Piotr Wojcik,ES,2022-09-29
49,Sofie Dubois,CZ,2023-03-21
50,Petr Wojcik,CZ,2023-09-13
51,Agnieszka Muller,PL,2023-08-14
52,Marie Kowalski,FR,2023-12-27
53,Eva Berg,NL,2024-04-05
54,Nina Zielinski,DE,2024-01-30
55,Katarzyna Berg,DE,2023-03-18
56,Hans Berg,PL,2023-10-01
57,Pawel Silva,DE,2024-01-08
58,Marie Dubois,CZ,2023-11-14
59,Pawel Santos,PL,2023-12-15
60,Marie Berg,CZ,2022-07-16
61,Tomasz Bakker,ES,2023-11-25
62,Luc Santos,PL,2022-11-05
63,Pawel Zielinski,CZ,2022-11-08
64,Joao Bakker,PT,2024-03-15
65,Carlos Novak,FR,2022-11-26
66,Agnieszka Silva,FR,2023-11-23
67,Tomasz Berg,PL,2024-03-23
68,Petr Berg,PT,2022-10-18
69,Hans Wisniewska,SK,2023-09-27
70,Nina Schmidt,PL,2022-08-29
71,Agnieszka Kaminski,PL,2024-04-05
72,Jan Svoboda,ES,2022-02-17
73,Katarzyna Novak,CZ,2024-05-20
74,Joao Zielinski,NL,2023-10-07
75,Luc Svoboda,CZ,2023-12-15
76,Ewa Larsen,NL,2022-09-07
77,Marek Fernandez,PL,2022-01-06
78,Petr Novak,PL,2022-06-30
79,Jan Wojcik,FR,2023-07-25
80,Carlos Berg,FR,2022-05-17
81,Ines Dubois,SK,2023-07-27
82,Ines Silva,CZ,2023-03-30
83,Eva Novak,PL,2024-04-30
84,Lucia Novak,DE,2024-02-01
85,Jan Larsen,DE,2024-02-09
86,Petr Svoboda,PT,2024-02-24
87,Marta Novak,PL,2022-09-02
88,Pawel Mazur,DE,2024-01-01
89,Hans Santos,PL,2022-12-10
90,Ewa Mazur,CZ,2022-05-22
91,Ewa Zielinski,PL,2023-12-12
92,Marie Dubois,FR,2023-03-01
93,Marie Nowak,PL,2023-04-23
94,Marie Garcia,SK,2024-05-02
95,Anna Jansen,CZ,2023-08-22
96,Anna Moreau,DE,2023-05-04
97,Luc Fernandez,FR,2024-02-11
98,Eva Bakker,PL,2024-02-05
99,Jan Muller,CZ,2023-05-15
100,Anna Garcia,DE,2023-05-13
101,Nina Garcia,NL,2023-11-16
102,Carlos Kaminski,ES,2022-06-19
103,Anna Garcia,ES,2023-07-01
104,Nina Kowalski,PL,2023-08-01
105,Marie Kaminski,FR,2023-10-21
106,Piotr Muller,CZ,2022-07-06
107,Agnieszka Novak,DE,2022-12-02
108,Luc Muller,SK,2022-12-12
109,Marie Muller,PL,2024-05-01
110,Anna Santos,PL,2023-04-27
111,Jan Larsen,PL,2022-12-25
112,Sven Nowak,SK,2024-03-10
113,Jan Zielinski,PL,2022-02-01
114,Ewa Mazur,PL,2023-09-29
115,Nina Wojcik,ES,2023-04-30
116,Carlos Muller,SK,2022-08-12
117,Tomasz Bakker,ES,2023-01-13
118,Marek Lewandowska,DE,2024-02-05
119,Joao Kowalski,DE,2022-04-21
120,Nina Garcia,CZ,2023-08-13
121,Agnieszka Wisniewska,ES,2024-01-03
122,Sven Mazur,PL,2023-12-09
123,Pawel Berg,ES,2023-12-15
124,Marek Jansen,SK,2024-04-04
125,Sofie Santos,CZ,2022-02-12
126,Sofie Wisniewska,FR,2023-11-09
127,Hans Kowalski,CZ,2023-10-26
128,Lucia Wojcik,CZ,2024-04-22
129,Sven Novak,NL,2023-01-06
130,Marie Lewandowska,NL,2022-06-06
131,Sven Muller,ES,2023-06-19
132,Eva Svoboda,FR,2024-04-07
133,Joao Muller,DE,2023-03-23
134,Jan Wisniewska,DE,2024-05-22
135,Jan Novak,ES,2023-04-07
136,Nina Garcia,DE,2023-09-17
137,Lucia Dubois,PL,2022-01-30
138,Agnieszka Moreau,SK,2023-05-15
139,Hans Muller,ES,2022-09-22
140,Marta Santos,PL,2023-12-20
141,Agnieszka Wisniewska,PL,2023-06-14
142,Marie Svoboda,FR,2024-01-08
143,Jan Svoboda,PT,2024-02-16
144,Lucia Novak,SK,2023-12-30
145,Katarzyna Schmidt,PL,2022-01-18
146,Jan Schmidt,PT,2023-02-19
147,Sofie Svoboda,FR,2023-08-19
148,Sofie Fernandez,NL,2023-06-28
149,Hans Moreau,NL,2023-07-18
150,Marta Schmidt,DE,2023-04-10
151,Marek Zielinski,DE,2022-08-25
152,Eva Lewandowska,PL,2022-05-03
153,Lucia Muller,NL,2022-08-10
154,Petr Bakker,DE,2023-08-27
155,Agnieszka Schmidt,PL,2022-04-13
156,Tomasz Schmidt,PL,2023-01-05
157,Eva Kaminski,DE,2023-12-27
158,Piotr Santos,DE,2022-02-16
159,Ewa Larsen,SK,2023-12-16
160,Marek Kowalski,ES,2023-05-18
161,Lucia Svoboda,FR,2022-10-19
162,Tomasz Nowak,DE,2022-12-15
163,Lucia Wojcik,PL,2024-06-01
164,Lucia Wisniewska,ES,2023-02-15
165,Nina Nowak,PL,2023-10-07
166,Joao Schmidt,PL,2022-06-02
167,Marek Santos,SK,2022-09-12
168,Ines Bakker,SK,2023-03-03
169,Jan Silva,CZ,2023-09-26
170,Carlos Schmidt,ES,2023-04-07
171,Pawel Jansen,ES,2023-03-16
172,Ines Wojcik,SK,2022-03-03
173,Sven Zielinski,DE,2022-08-01
174,Katarzyna Lewandowska,PL,2023-11-08
175,Eva Wisniewska,PL,2022-06-27
176,Marie Novak,NL,2022-01-03
177,Lucia Schmidt,PL,2023-09-01
178,Pawel Schmidt,NL,2022-08-26
179,Carlos Wisniewska,PT,2024-05-30
180,Marta Larsen,ES,2022-08-28
181,Agnieszka Fernandez,PL,2023-11-09
182,Jan Larsen,PL,2023-07-12
183,Ewa Wisniewska,PL,2022-09-30
184,Pawel Bakker,NL,2022-06-19
185,Joao Schmidt,FR,2024-04-24
186,Carlos Schmidt,NL,2022-05-08
187,Marta Silva,FR,2023-02-17
188,Carlos Wisniewska,ES,2023-05-21
189,Marie Dubois,ES,2022-02-10
190,Anna Wisniewska,PL,2022-09-14
191,Joao Jansen,PL,2023-11-22
192,Nina Muller,ES,2024-02-23
193,Tomasz Svoboda,FR,2022-02-11
194,Carlos Muller,PL,2023-10-30
195,Marie Larsen,FR,2023-08-23
196,Lucia Moreau,CZ,2022-04-04
197,Hans Berg,PL,2022-12-08
198,Tomasz Dubois,CZ,2024-05-28
199,Lucia Schmidt,PT,2023-12-12
200,Eva Nowak,FR,2023-02-15
201,Hans Muller,DE,2022-04-01
202,Luc Silva,PL,2022-04-29
203,Eva Novak,CZ,2023-11-05
204,Agnieszka Silva,DE,2022-02-25
205,Lucia Larsen,FR,2023-09-30
206,Piotr Zielinski,DE,2024-02-18
207,Ewa Schmidt,FR,2023-07-17
208,Lucia Wojcik,PL,2023-12-17
209,Ines Mazur,NL,2023-10-08
210,Pawel Santos,PL,2022-06-12
211,Marie Wisniewska,PL,2023-07-20
212,Marek Novak,PL,2024-05-11
213,Ewa Svoboda,NL,2023-10-26
214,Petr Muller,CZ,2022-10-26
215,Lucia Svoboda,PL,2024-05-04
216,Eva Kaminski,CZ,2023-04-13
217,Ines Silva,NL,2022-07-15
218,Ewa Wisniewska,DE,2024-06-19
219,Marie Dubois,SK,2024-03-02
220,Marta Kowalski,DE,2023-06-04
221,Pawel Jansen,ES,2024-01-14
222,Lucia Kaminski,FR,2023-11-07
223,Lucia Moreau,DE,2023-07-06
224,Eva Garcia,FR,2023-07-20
225,Agnieszka Mazur,ES,2022-11-26
226,Jan Fernandez,PL,2023-01-28
227,Lucia Garcia,CZ,2022-11-22
228,Sven Kaminski,FR,2023-11-11
229,Ewa Silva,ES,2022-02-07
230,Marek Novak,PL,2022-12-06
231,Carlos Kowalski,NL,2023-06-23
232,Marie Larsen,PL,2022-05-28
233,Lucia Muller,DE,2022-03-18
234,Luc Larsen,PL,2023-10-01
235,Hans Berg,FR,2024-05-22
236,Hans Larsen,NL,2023-01-25
237,Lucia Santos,PL,2024-02-17
238,Katarzyna Mazur,PT,2023-09-25
239,Pawel Mazur,NL,2023-12-02
240,Marie Wojcik,SK,2022-04-03
241,Marek Novak,PL,2023-10-11
242,Pawel Kowalski,PL,2023-12-12
243,Piotr Schmidt,DE,2022-11-29
244,Marie Kaminski,PL,2023-01-19
245,Marie Jansen,PT,2023-06-28
246,Tomasz Lewandowska,PL,2024-03-22
247,Ines Garcia,ES,2022-03-22
248,Jan Svoboda,ES,2023-12-01
249,Jan Novak,PT,2022-05-27
250,Carlos Muller,PT,2022-09-18
251,Carlos Schmidt,PT,2022-01-10
252,Tomasz Wisniewska,FR,2023-07-14
253,Joao Schmidt,PT,2022-12-20
254,Marta Novak,DE,2023-03-11
255,Luc Svoboda,PL,2022-07-23
256,Luc Jansen,DE,2022-08-31
257,Pawel Schmidt,PL,2023-08-12
258,Nina Garcia,DE,2024-04-29
259,Joao Berg,SK,2022-01-09
260,Piotr Bakker,NL,2024-02-02
261,Pawel Mazur,ES,2023-05-24
262,Sofie Mazur,PT,2024-04-01
263,Ines Muller,PT,2022-07-14
264,Nina Berg,PL,2024-02-13
265,Marek Larsen,PT,2023-10-06
266,Pawel Novak,PL,2022-02-10
267,Sofie Kaminski,PL,2023-08-17
268,Hans Fernandez,PL,2022-10-30
269,Ewa Santos,DE,2022-07-25
270,Petr Muller,PL,2023-06-28
271,Lucia Schmidt,NL,2022-09-21
272,Hans Wojcik,FR,2024-06-10
273,Ewa Mazur,PT,2022-03-19
274,Nina Garcia,SK,2024-01-12
275,Sofie Wisniewska,SK,2023-07-25
276,Anna Muller,FR,2023-02-09
277,Carlos Moreau,PT,2022-05-07
278,Nina Muller,ES,2024-02-06
279,Sven Moreau,PL,2023-01-26
280,Jan Svoboda,PL,2023-11-23
281,Eva Dubois,ES,2023-09-27
282,Sven Wisniewska,PT,2022-08-15
283,Carlos Schmidt,PT,2024-04-23
284,Marek Kaminski,PL,2023-02-23
285,Pawel Svoboda,PL,2022-02-08
286,Jan Santos,PL,2022-04-10
287,Carlos Moreau,PT,2023-02-02
288,Eva Fernandez,ES,2024-01-31
289,Ewa Fernandez,PT,2024-01-31
290,Lucia Bakker,CZ,2022-04-12
291,Piotr Moreau,PL,2022-10-14
292,Carlos Mazur,DE,2023-03-31
293,Nina Moreau,FR,2022-04-12
294,Sofie Nowak,CZ,2023-10-23
295,Agnieszka Wojcik,FR,2022-10-10
296,Nina Zielinski,PT,2022-04-04
297,Ines Kowalski,PL,2023-10-17
298,Hans Mazur,PL,2024-03-16
299,Joao Zielinski,PL,2024-03-16
300,Eva Zielinski,ES,2024-04-29
301,Jan Dubois,SK,2022-08-10
302,Ines Kowalski,DE,2022-06-01
303,Ewa Kaminski,FR,2024-05-29
304,Tomasz Wojcik,PT,2022-09-14
305,Anna Kaminski,PL,2024-06-06
306,Jan Jansen,DE,2023-01-02
307,Tomasz Muller,PL,2022-01-17
308,Marie Silva,PL,2022-05-10
309,Katarzyna Svoboda,FR,2024-02-03
310,Sofie Silva,ES,2024-03-07
311,Carlos Silva,PL,2022-04-22
312,Piotr Berg,FR,2023-09-22
313,Carlos Larsen,PL,2022-11-05
314,Lucia Garcia,CZ,2022-03-04
315,Marek Svoboda,NL,2023-12-04
316,Katarzyna Wisniewska,DE,2023-03-31
317,Ewa Wisniewska,PL,2023-09-15
318,Ines Larsen,ES,2022-10-09
319,Hans Garcia,ES,2023-07-16
320,Pawel Novak,FR,2023-06-28
321,Marie Wojcik,SK,2023-09-12
322,Marek Larsen,PT,2023-12-20
323,Eva Zielinski,CZ,2024-06-17
324,Jan Fernandez,DE,2023-04-08
325,Carlos Garcia,CZ,2024-04-27
326,Marek Dubois,CZ,2024-01-18
327,Nina Muller,DE,2022-11-17
328,Nina Svoboda,PL,2022-06-06
329,Katarzyna Wisniewska,CZ,2022-04-04
330,Sofie Kaminski,FR,2022-04-09
331,Joao Santos,FR,2022-03-03
332,Nina Wojcik,CZ,2022-12-04
333,Nina Fernandez,NL,2022-12-29
334,Pawel Bakker,DE,2022-02-22
335,Marek Jansen,FR,2022-12-27
336,Ewa Berg,FR,2022-08-06
337,Marek Moreau,FR,2022-08-18
338,Marek Muller,ES,2023-01-12
339,Marie Santos,SK,2022-08-20
340,Ines Bakker,PT,2024-04-18
341,Eva Kowalski,ES,2023-10-21
342,Marta Kowalski,PL,2023-11-05
343,Pawel Dubois,DE,2022-10-07
344,Tomasz Kaminski,ES,2022-01-07
345,Luc Wisniewska,PL,2023-11-05
346,Sven Kowalski,PL,2024-01-29
347,Petr Zielinski,CZ,2024-02-04
348,Carlos Dubois,PL,2023-03-06
349,Pawel Dubois,SK,2023-01-14
350,Ines Wisniewska,PL,2023-08-05
351,Tomasz Bakker,PL,2022-06-09
352,Katarzyna Muller,FR,2023-11-22
353,Marie Svoboda,ES,2023-11-09
354,Marie Muller,PL,2023-03-29
355,Petr Wojcik,DE,2024-02-13
356,Marek Schmidt,PT,2023-03-17
357,Joao Svoboda,FR,2023-11-26
358,Pawel Nowak,PL,2023-11-15
359,Ines Nowak,PL,2023-02-09
360,Pawel Zielinski,SK,2022-07-29
361,Marta Schmidt,DE,2022-05-21
362,Anna Svoboda,NL,2022-05-03
363,Tomasz Kaminski,CZ,2023-03-17
364,Jan Silva,FR,2023-06-30
365,Nina Moreau,PL,2024-05-03
366,Piotr Fernandez,PL,2023-02-11
367,Katarzyna Dubois,ES,2023-04-16
368,Joao Garcia,NL,2023-03-16
369,Marie Schmidt,PL,2023-10-18
370,Anna Dubois,PL,2023-02-19
371,Ines Novak,NL,2024-03-31
372,Katarzyna Fernandez,PL,2023-01-06
373,Marie Jansen,CZ,2022-09-07
374,Katarzyna Garcia,DE,2023-06-21
375,Hans Mazur,DE,2024-02-03
376,Tomasz Wisniewska,FR,2024-03-08
377,Marek Silva,FR,2023-10-11
378,Sofie Moreau,NL,2022-07-18
379,Sven Kaminski,PL,2024-04-18
380,Ewa Muller,PL,2022-04-16
381,Ines Kaminski,SK,2022-06-27
382,Sven Wisniewska,PL,2024-02-17
383,Sven Svoboda,FR,2024-03-02
384,Joao Jansen,FR,2024-02-12
385,Joao Larsen,PT,2023-11-29
386,Hans Larsen,DE,2023-10-02
387,Carlos Wisniewska,FR,2022-06-04
388,Sven Schmidt,SK,2023-03-29
389,Joao Nowak,DE,2022-10-09
390,Katarzyna Schmidt,FR,2023-06-04
391,Piotr Nowak,DE,2023-04-08
392,Pawel Wisniewska,PT,2024-05-01
393,Katarzyna Bakker,ES,2024-06-03
394,Luc Novak,ES,2023-06-04
395,Piotr Novak,SK,2023-07-22
396,Sven Zielinski,DE,2023-08-09
397,Lucia Silva,PL,2023-09-12
398,Carlos Wojcik,SK,2022-03-05
399,Hans Wisniewska,FR,2024-05-07
400,Tomasz Nowak,PL,2023-10-24
401,Carlos Novak,FR,2023-12-26
402,Ines Lewandowska,DE,2023-06-20
403,Pawel Garcia,CZ,2023-01-17
404,Hans Berg,ES,2024-03-04
405,Sven Larsen,DE,2022-02-23
406,Hans Wojcik,FR,2022-03-09
407,Luc Schmidt,DE,2023-11-26
408,Nina Bakker,PL,2024-01-12
409,Katarzyna Jansen,PT,2022-12-08
410,Sofie Schmidt,PT,2022-05-25
411,Nina Garcia,PL,2023-12-17
412,Katarzyna Schmidt,FR,2023-09-02
413,Sven Dubois,PL,2023-01-21
414,Nina Silva,PL,2023-11-18
415,Nina Fernandez,FR,2023-10-24
416,Anna Moreau,DE,2023-01-06
417,Agnieszka Dubois,SK,2022-07-04
418,Agnieszka Mazur,PL,2023-05-13
419,Katarzyna Schmidt,SK,2022-06-08
420,Petr Santos,NL,2022-04-14
421,Piotr Berg,DE,2023-06-24
422,Ines Kaminski,ES,2024-06-16
423,Ewa Lewandowska,PL,2023-01-21
424,Ines Lewandowska,NL,2024-05-01
425,Piotr Fernandez,DE,2023-03-25
426,Jan Novak,ES,2023-11-24
427,Carlos Mazur,FR,2022-10-19
428,Pawel Svoboda,PL,2022-09-02
429,Nina Jansen,FR,2023-01-12
430,Pawel Garcia,FR,2023-04-18
431,Marie Lewandowska,PL,2023-06-25
432,Ines Kaminski,DE,2024-03-31
433,Sven Svoboda,DE,2022-02-23
434,Marek Silva,PL,2023-07-22
435,Katarzyna Lewandowska,DE,2022-10-19
436,Petr Kaminski,CZ,2023-04-06
437,Jan Novak,DE,2022-04-04
438,Marie Nowak,CZ,2022-01-28
439,Sofie Mazur,CZ,2023-05-30
440,Sofie Mazur,PL,2022-03-25
441,Marek Larsen,DE,2022-11-23
442,Ewa Kaminski,PL,2024-03-21
443,Lucia Kaminski,SK,2022-10-21
444,Lucia Novak,ES,2023-12-24
445,Katarzyna Kowalski,DE,2022-01-06
446,Ewa Santos,NL,2022-08-09
447,Petr Fernandez,PL,2023-09-16
448,Pawel Mazur,DE,2024-03-05
449,Piotr Mazur,CZ,2022-05-05
450,Ines Novak,PL,2023-10-17
451,Lucia Bakker,FR,2022-04-24
452,Sven Silva,ES,2022-01-17
453,Ewa Schmidt,CZ,2022-09-05
454,Ines Moreau,PL,2022-01-02
455,Marie Lewandowska,PT,2023-08-08
456,Katarzyna Silva,DE,2023-11-16
457,Petr Santos,FR,2022-03-11
458,Petr Santos,PL,2024-03-16
459,Lucia Nowak,PT,2023-02-04
460,Sofie Muller,NL,2023-02-01
461,Sofie Wisniewska,DE,2022-01-17
462,Nina Larsen,PL,2022-09-04
463,Joao Dubois,PL,2024-03-01
464,Sofie Santos,DE,2022-02-15
465,Sven Lewandowska,SK,2024-04-13
466,Carlos Svoboda,PT,2023-12-03
467,Ewa Wisniewska,NL,2022-07-06
468,Carlos Nowak,DE,2024-03-05
469,Piotr Zielinski,PL,2022-07-26
470,Pawel Silva,CZ,2022-11-20
471,Eva Svoboda,DE,2024-04-14
472,Sven Zielinski,DE,2022-02-07
473,Piotr Larsen,DE,2023-01-01
474,Marek Moreau,CZ,2022-10-07
475,Carlos Garcia,DE,2023-02-14
476,Lucia Svoboda,DE,2022-07-11
477,Petr Muller,SK,2024-03-27
478,Marie Wisniewska,CZ,2022-03-26
479,Tomasz Santos,DE,2023-09-09
480,Marek Wisniewska,DE,2022-11-25
481,Pawel Schmidt,FR,2023-11-08
482,Marie Lewandowska,NL,2023-09-10
483,Sofie Novak,PL,2023-03-31
484,Sofie Bakker,CZ,2024-01-15
485,Sven Nowak,PL,2022-10-09
486,Sven Garcia,DE,2023-11-19
487,Nina Lewandowska,PL,2023-06-10
488,Ines Berg,SK,2022-05-27
489,Piotr Kaminski,PL,2023-03-25
490,Sven Moreau,DE,2022-08-30
491,Joao Nowak,ES,2023-01-28
492,Nina Novak,DE,2022-06-07
493,Carlos Wisniewska,ES,2023-01-16
494,Petr Moreau,CZ,2022-05-21
495,Sven Muller,PL,2022-11-18
496,Anna Lewandowska,FR,2022-04-27
497,Luc Santos,PL,2023-06-15
498,Marta Novak,PL,2022-09-26
499,Pawel Svoboda,PL,2023-09-19
500,Ewa Wisniewska,FR,2022-05-06
501,Carlos Wisniewska,SK,2022-06-26
502,Hans Berg,DE,2023-11-30
503,Katarzyna Santos,FR,2023-12-28
504,Pawel Lewandowska,NL,2022-10-25
505,Sven Lewandowska,SK,2023-12-28
506,Petr Mazur,PL,2023-01-06
507,Ewa Mazur,SK,2022-07-25
508,Anna Moreau,FR,2023-05-21
509,Sofie Novak,SK,2023-08-10
510,Ewa Bakker,PL,2023-07-19
511,Pawel Garcia,NL,2022-03-09
512,Lucia Silva,CZ,2024-01-07
513,Marie Jansen,PL,2024-02-27
514,Hans Larsen,PL,2022-05-09
515,Carlos Berg,FR,2023-04-06
516,Ewa Santos,PT,2022-12-19
517,Tomasz Kaminski,CZ,2023-08-25
518,Piotr Wojcik,FR,2023-05-30
519,Pawel Lewandowska,PL,2022-06-06
520,Jan Moreau,FR,2022-11-27
521,Katarzyna Muller,PL,2022-10-18
522,Eva Muller,PL,2023-10-13
523,Pawel Bakker,FR,2023-10-03
524,Petr Larsen,PL,2022-04-06
525,Joao Kaminski,PL,2023-08-30
526,Ines Bakker,DE,2023-11-06
527,Joao Nowak,PL,2024-05-12
528,Piotr Larsen,SK,2022-03-25
529,Marta Larsen,PL,2023-08-14
530,Joao Fernandez,ES,2024-02-25
531,Anna Svoboda,PT,2023-10-17
532,Pawel Larsen,DE,2023-07-13
533,Jan Berg,CZ,2023-05-10
534,Carlos Wisniewska,NL,2022-11-01
535,Tomasz Novak,CZ,2022-03-03
536,Carlos Zielinski,DE,2023-05-11
537,Ewa Dubois,NL,2023-09-14
538,Sofie Garcia,PL,2022-11-23
539,Sofie Silva,FR,2024-02-18
540,Hans Mazur,FR,2022-04-19
541,Marta Novak,PL,2022-05-06
542,Marek Nowak,DE,2022-05-25
543,Ines Fernandez,PL,2023-01-29
544,Tomasz Dubois,ES,2024-06-05
545,Hans Zielinski,SK,2024-01-09
546,Lucia Silva,FR,2022-06-13
547,Pawel Svoboda,PL,2023-05-26
548,Luc Silva,FR,2022-04-03
549,Agnieszka Jansen,DE,2022-09-04
550,Piotr Schmidt,FR,2022-02-19
551,Sven Berg,FR,2023-09-04
552,Eva Kowalski,PL,2022-10-20
553,Ewa Muller,NL,2023-03-18
554,Luc Moreau,PL,2023-01-10
555,Piotr Jansen,FR,2023-02-15
556,Sofie Santos,DE,2022-07-19
557,Luc Silva,FR,2022-03-17
558,Eva Muller,ES,2024-02-22
559,Ines Wojcik,PL,2023-11-28
560,Luc Moreau,SK,2022-04-10
561,Eva Moreau,SK,2022-12-14
562,Agnieszka Bakker,FR,2022-05-28
563,Petr Nowak,PL,2023-02-16
564,Ewa Dubois,SK,2022-02-09
565,Petr Novak,PL,2023-05-01
566,Petr Kaminski,DE,2023-09-13
567,Hans Lewandowska,CZ,2023-09-20
568,Pawel Jansen,DE,2023-09-24
569,Petr Santos,FR,2023-06-04
570,Joao Schmidt,FR,2023-12-27
571,Anna Moreau,DE,2024-04-15
572,Marek Fernandez,ES,2023-11-21
573,Sven Kowalski,ES,2022-11-12
574,Marta Larsen,SK,2023-05-01
575,Joao Jansen,PL,2024-03-05
576,Piotr Jansen,FR,2024-01-09
577,Petr Larsen,NL,2022-06-24
578,Luc Kaminski,PT,2023-09-27
579,Piotr Jansen,NL,2022-09-06
580,Agnieszka Kowalski,FR,2022-04-23
581,Marie Kaminski,CZ,2022-11-18
582,Agnieszka Fernandez,FR,2023-12-09
583,Ines Svoboda,NL,2024-03-04
584,Piotr Kaminski,FR,2024-01-15
585,Eva Dubois,PT,2022-08-01
586,Petr Garcia,DE,2023-05-05
587,Carlos Santos,DE,2022-06-27
588,Sofie Berg,SK,2023-07-14
589,Nina Larsen,SK,2024-06-07
590,Marta Bakker,FR,2023-12-11
591,Jan Muller,FR,2022-07-16
592,Jan Schmidt,SK,2022-11-02
593,Agnieszka Svoboda,DE,2022-10-23
594,Sofie Santos,SK,2023-05-07
595,Marta Schmidt,PL,2024-01-09
596,Nina Santos,CZ,2023-08-11
597,Sofie Kaminski,DE,2023-02-09
598,Pawel Wisniewska,DE,2022-02-13
599,Sven Muller,NL,2023-03-29
600,Agnieszka Zielinski,FR,2023-05-06
601,Eva Muller,PL,2022-10-05
602,Ines Jansen,PL,2022-04-22
603,Piotr Berg,FR,2022-09-06
604,Sven Mazur,PL,2022-08-20
605,Marie Dubois,NL,2022-04-13
606,Marek Berg,SK,2023-04-29
607,Anna Santos,PL,2022-05-21
608,Sven Svoboda,FR,2023-02-21
609,Agnieszka Schmidt,DE,2023-10-29
610,Sven Nowak,SK,2022-10-20
611,Sven Jansen,PL,2022-04-02
612,Piotr Lewandowska,CZ,2023-07-02
613,Tomasz Nowak,CZ,2024-05-07
614,Lucia Lewandowska,NL,2024-03-17
615,Pawel Nowak,PL,2024-06-12
616,Joao Bakker,PL,2022-11-02
617,Pawel Novak,PT,2022-12-10
618,Petr Svoboda,PL,2023-07-11
619,Petr Novak,DE,2024-05-21
620,Marek Dubois,PL,2022-07-17
621,Carlos Larsen,DE,2024-01-19
622,Tomasz Kowalski,NL,2024-01-06
623,Pawel Jansen,PT,2022-12-12
624,Agnieszka Lewandowska,ES,2024-02-15
625,Sven Garcia,CZ,2024-05-26
626,Hans Wisniewska,CZ,2023-06-12
627,Marek Lewandowska,PL,2023-11-17
628,Hans Mazur,PL,2023-05-04
629,Luc Mazur,FR,2022-09-25
630,Marta Dubois,DE,2024-02-11
631,Joao Kowalski,DE,2023-08-20
632,Sofie Mazur,PL,2023-11-01
633,Marek Novak,DE,2023-11-15
634,Luc Berg,FR,2022-06-13
635,Pawel Wojcik,PT,2023-12-22
636,Sofie Bakker,PL,2022-10-30
637,Ewa Svoboda,PL,2022-08-13
638,Ines Moreau,CZ,2023-04-11
639,Eva Svoboda,SK,2023-12-20
640,Nina Zielinski,SK,2023-07-05
641,Nina Bakker,SK,2022-09-11
642,Petr Novak,FR,2022-03-25
643,Sofie Wisniewska,ES,2023-12-22
644,Piotr Santos,FR,2022-04-25
645,Joao Santos,PL,2022-07-27
646,Hans Silva,FR,2022-06-18
647,Nina Zielinski,NL,2022-04-30
648,Lucia Wisniewska,FR,2023-08-21
649,Piotr Novak,PL,2023-04-02
650,Marie Novak,ES,2023-06-10
651,Eva Novak,PT,2022-03-01
652,Pawel Kowalski,CZ,2024-04-06
653,Anna Zielinski,ES,2022-09-18
654,Piotr Fernandez,DE,2022-03-16
655,Katarzyna Santos,PL,2023-12-19
656,Lucia Nowak,DE,2022-03-12
657,Tomasz Kaminski,SK,2023-02-23
658,Sven Fernandez,DE,2023-10-19
659,Carlos Garcia,CZ,2023-01-27
660,Nina Berg,FR,2022-03-24
661,Sven Moreau,PL,2022-05-17
662,Eva Garcia,FR,2022-07-02
663,Jan Kowalski,SK,2022-05-11
664,Pawel Novak,PT,2022-01-24
665,Eva Fernandez,FR,2024-01-07
666,Jan Mazur,FR,2023-01-24
667,Ewa Muller,PL,2022-12-21
668,Marek Nowak,SK,2024-06-15
669,Marie Bakker,SK,2023-11-08
670,Jan Zielinski,PL,2022-01-17
671,Ines Nowak,FR,2022-04-14
672,Nina Nowak,PL,2023-09-05
673,Piotr Garcia,FR,2024-01-29
674,Eva Zielinski,SK,2022-08-28
675,Piotr Kaminski,FR,2024-06-03
676,Jan Jansen,DE,2022-10-24
677,Ines Berg,DE,2023-08-15
678,Pawel Kaminski,PT,2022-08-31
679,Jan Fernandez,DE,2023-06-18
680,Piotr Santos,ES,2022-10-09
681,Tomasz Larsen,PT,2024-06-19
682,Eva Svoboda,PL,2023-03-14
683,Sven Berg,CZ,2022-12-19
684,Petr Dubois,NL,2024-03-15
685,Marie Kaminski,DE,2023-03-03
686,Tomasz Santos,FR,2023-01-21
687,Jan Schmidt,NL,2022-09-04
688,Carlos Nowak,FR,2022-05-28
689,Marie Santos,FR,2023-02-27
690,Luc Mazur,DE,2022-05-18
691,Hans Larsen,PL,2022-07-28
692,Sofie Wisniewska,FR,2023-04-06
693,Agnieszka Nowak,DE,2024-01-12
694,Nina Bakker,ES,2023-01-22
695,Katarzyna Zielinski,SK,2022-02-10
696,Joao Berg,FR,2024-02-19
697,Lucia Zielinski,DE,2022-08-11
698,Anna Zielinski,PL,2022-11-07
699,Marek Svoboda,PL,2024-01-30
700,Ines Zielinski,CZ,2023-12-14
701,Eva Dubois,SK,2022-09-03
702,Luc Novak,FR,2022-10-17
703,Sofie Schmidt,DE,2023-10-27
704,Petr Svoboda,FR,2023-01-04
705,Lucia Dubois,PL,2022-04-11
706,Hans Fernandez,PL,2023-01-15
707,Jan Kaminski,PL,2023-07-31
708,Eva Jansen,ES,2022-09-25
709,Marie Schmidt,PL,2024-01-08
710,Hans Mazur,CZ,2022-07-20
711,Jan Svoboda,FR,2023-08-07
712,Nina Dubois,DE,2023-11-02
713,Lucia Larsen,NL,2024-02-21
714,Carlos Lewandowska,NL,2023-05-18
715,Sofie Lewandowska,PL,2024-03-25
716,Eva Svoboda,PL,2024-01-08
717,Sven Nowak,FR,2023-07-10
718,Katarzyna Berg,PL,2022-02-04
719,Anna Fernandez,PL,2024-02-22
720,Sven Mazur,PL,2024-05-12
721,Ewa Kowalski,PL,2023-12-26
722,Carlos Moreau,PL,2023-06-02
723,Sven Berg,ES,2023-09-25
724,Nina Svoboda,PL,2023-05-10
725,Eva Santos,CZ,2022-01-07
726,Anna Silva,NL,2022-01-13
727,Eva Schmidt,PL,2022-10-09
728,Nina Fernandez,SK,2023-05-30
729,Marek Wojcik,FR,2022-07-03
730,Jan Zielinski,ES,2022-06-02
731,Marta Moreau,DE,2023-06-24
732,Luc Wisniewska,DE,2024-03-25
733,Carlos Jansen,PL,2023-02-20
734,Jan Schmidt,PT,2023-12-15
735,Katarzyna Larsen,PT,2024-04-27
736,Piotr Wisniewska,CZ,2024-02-17
737,Luc Santos,FR,2023-01-24
738,Sven Kowalski,NL,2022-02-27
739,Katarzyna Svoboda,CZ,2022-06-25
740,Hans Jansen,PL,2023-10-23
741,Piotr Mazur,PL,2023-06-25
742,Joao Svoboda,DE,2024-06-07
743,Katarzyna Berg,DE,2022-02-17
744,Joao Berg,PL,2023-07-11
745,Hans Kowalski,PL,2022-07-03
746,Ewa Garcia,PL,2023-08-25
747,Tomasz Jansen,PL,2022-11-03
748,Luc Berg,FR,2023-08-04
749,Luc Kaminski,SK,2022-12-06
750,Katarzyna Silva,NL,2023-12-07
751,Piotr Wojcik,CZ,2022-12-21
752,Katarzyna Dubois,ES,2022-08-26
753,Ines Bakker,CZ,2024-02-27
754,Hans Kowalski,PT,2024-03-03
755,Carlos Svoboda,PL,2022-10-07
756,Eva Garcia,CZ,2022-12-31
757,Nina Jansen,PT,2022-07-10
758,Katarzyna Bakker,DE,2023-01-25
759,Jan Wisniewska,PL,2024-03-28
760,Ewa Garcia,NL,2022-10-02
761,Sven Kaminski,NL,2024-03-13
762,Hans Moreau,PL,2023-02-03
763,Anna Schmidt,FR,2022-04-04
764,Marta Wojcik,PL,2023-01-04
765,Tomasz Fernandez,FR,2022-03-31
766,Eva Silva,CZ,2023-07-25
767,Anna Wisniewska,DE,2022-04-16
768,Katarzyna Bakker,ES,2023-07-22
769,Hans Garcia,PL,2024-03-14
770,Marie Garcia,SK,2022-10-26
771,Eva Mazur,ES,2022-03-28
772,Tomasz Berg,CZ,2023-06-18
773,Ewa Muller,DE,2022-06-23
774,Lucia Kaminski,PL,2022-10-02
775,Marie Muller,CZ,2022-06-21
776,Lucia Wisniewska,DE,2022-11-03
777,Jan Larsen,FR,2022-09-15
778,Ines Zielinski,FR,2023-09-01
779,Ewa Schmidt,PL,2022-04-20
780,Hans Bakker,CZ,2023-02-10
781,Hans Novak,DE,2024-04-03
782,Sven Bakker,PL,2023-03-17
783,Hans Bakker,NL,2022-11-04
784,Lucia Dubois,PL,2022-07-25
785,Hans Schmidt,NL,2023-02-12
786,Sven Svoboda,ES,2023-12-13
787,Jan Dubois,CZ,2024-03-11
788,Luc Moreau,PL,2022-10-15
789,Agnieszka Jansen,FR,2023-08-01
790,Nina Santos,PL,2022-07-04
791,Carlos Zielinski,FR,2024-01-15
792,Pawel Wisniewska,SK,2024-03-27
793,Marie Berg,FR,2024-03-25
794,Sven Schmidt,PL,2022-05-23
795,Nina Kaminski,NL,2022-09-16
796,Luc Wisniewska,FR,2023-03-10
797,Lucia Jansen,CZ,2023-09-05
798,Petr Fernandez,FR,2023-07-02
799,Sofie Santos,ES,2022-02-07
800,Katarzyna Wojcik,SK,2023-10-16
